Source,Target,Relation,Label,Color
6tunnel,mDNSResponderPosix,setsockopt/bind,);,#fbfb83
6tunnel,mDNSResponderPosix,write/read,param_1,#fbfb83
6tunnel,mDNSResponderPosix,write/openlog,param_1,#fbfb83
6tunnel,mDNSResponderPosix,write/fopen,param_1,#fbfb83
mDNSResponderPosix,6tunnel,socket/listen,);,#fbfb83
mDNSResponderPosix,6tunnel,socket/bind,);,#fbfb83
proxy,ntfs-3g,write/read,*param_1,#ec6ad1
clink,disktype,write/open64,param_1,#1bc2dc
clink,disktype,write/lseek64,param_1,#1bc2dc
miniupnpd,pppListener,setsockopt/bind,__fd,#fb995d
clink,bulkUpgrade,write/fopen,param_1,#1b331b
rdnssd,smbd,setsockopt/bind,__fd,#7c998b
rdnssd,smbd,setsockopt/connect,__fd,#7c998b
switch,routed,socket/bind,);,#67bd22
wscd,dhcp_discover,setsockopt/bind,__fd,#723488
rdnssd,miniupnpd,setsockopt/bind,__fd,#a7f7cc
rdnssd,miniupnpd,setsockopt/listen,__fd,#a7f7cc
rdnssd,miniupnpd,socket/connect,,#a7f7cc
pppoe-discovery,mpd,socket/bind,);,#caaf9f
pppoe-discovery,mpd,setsockopt/bind,);,#caaf9f
miniupnpd,mini_httpd,setsockopt/listen,__fd,#bdd4d8
mini_httpd,miniupnpd,setsockopt/bind,__fd,#bdd4d8
mini_httpd,miniupnpd,setsockopt/listen,__fd,#bdd4d8
miniupnpd,mini_httpd,setsockopt/bind,__fd,#bdd4d8
clink,igmpproxy,write/fopen,param_1,#3325d1
wscd,igmpproxy,setsockopt/connect,__fd,#fb8972
igmpproxy,wscd,fputc/fread,__stream,#fb8972
mpd,6tunnel,socket/listen,);,#15739d
mpd,6tunnel,socket/bind,);,#15739d
6tunnel,mpd,setsockopt/bind,);,#15739d
set_factory,ntfs-3g,write/read,__fd,#1dbcc4
lanmapd,disktype,write/read,__fd,#9d2990
lanmapd,disktype,write/lseek64,__fd,#9d2990
smbd,dhcp_discover,setsockopt/bind,__fd,#f4c242
smbd,dhcp_discover,write/read,__fd,#f4c242
jcpd,disktype,write/read,__fd,#d37a53
jcpd,disktype,write/lseek64,__fd,#d37a53
6tunnel,pppListener,write/read,__fd,#72768a
clink,sxstoragemanager,write/fopen,param_1,#315df8
clink,sxstoragemanager,write/open,param_1,#315df8
igmpproxy,miniupnpd,fputc/fread,__stream,#5b8df4
miniupnpd,igmpproxy,setsockopt/connect,__fd,#5b8df4
6tunnel,disktype,write/open64,param_1,#3dd447
6tunnel,disktype,write/lseek64,__fd,#3dd447
6tunnel,disktype,write/read,__fd,#3dd447
6tunnel,disktype,write/lseek64,param_1,#3dd447
rdnssd,igmpproxy,setsockopt/connect,__fd,#7b1896
jcpd,clink,setsockopt/bind,param_1,#fb549c
clink,jcpd,write/fopen,param_1,#fb549c
clink,jcpd,write/open,param_1,#fb549c
drws,bulkUpgrade,fwrite/fread,pFVar2,#d8c334
bulkUpgrade,drws,fwrite/fopen64,__s,#d8c334
drws,bulkUpgrade,fwrite/fopen,param_2,#d8c334
smbd,ntfs-3g,write/read,__fd,#ec96a7
smbd,ntfs-3g,write/read,*param_1,#ec96a7
smbd,ntfs-3g,write/read,iVar2,#ec96a7
smbd,iwevent,setsockopt/getsockname,__fd,#c9bb08
smbd,iwevent,setsockopt/bind,__fd,#c9bb08
mldproxy,mini_httpd,socket/accept,;,#aae24a
mldproxy,mini_httpd,socket/listen,;,#aae24a
mldproxy,mini_httpd,socket/bind,;,#aae24a
ntpclient,rt2860apd,socket/bind,);,#7fd4f7
rt2860apd,ntpclient,socket/connect,);,#7fd4f7
rt2860apd,ntpclient,socket/bind,);,#7fd4f7
signalc,sxstoragemanager,fputc/fread,__stream,#163cb4
rdnssd,lanmapd,setsockopt/listen,__fd,#65c4c2
rdnssd,lanmapd,setsockopt/bind,__fd,#65c4c2
rdnssd,lanmapd,setsockopt/accept,__fd,#65c4c2
6tunnel,igmpproxy,write/fopen,param_1,#6d509e
jcpd,dhcp_discover,write/read,__fd,#d26d5d
proxy,usbstorage.hotplug,write/fopen,param_1,#0fc453
proxy,usbstorage.hotplug,write/open,param_1,#0fc453
proxy,drws,write/fopen64,param_1,#fc098f
ult,6tunnel,socket/listen,);,#c0c948
ult,6tunnel,socket/bind,);,#c0c948
ult,bulkagent,socket/connect,);,#4183af
mpd,routed,socket/bind,);,#ad14a0
6tunnel,mini_httpd,write/read,param_1,#1b96b4
6tunnel,mini_httpd,write/fopen64,param_1,#1b96b4
mini_httpd,6tunnel,socket/accept,;,#1b96b4
mini_httpd,6tunnel,setsockopt/connect,__fd,#1b96b4
mini_httpd,6tunnel,setsockopt/bind,__fd,#1b96b4
mini_httpd,6tunnel,setsockopt/shutdown,__fd,#1b96b4
jcpd,smbd,write/read,__fd,#23692b
jcpd,smbd,write/lseek64,__fd,#23692b
clink,smbd,write/read,param_1,#c08b73
smbd,clink,setsockopt/bind,param_1,#c08b73
clink,smbd,write/open64,param_1,#c08b73
radvd,mDNSResponderPosix,setsockopt/bind,__fd,#a4a413
lanmapd,pppListener,write/read,__fd,#4b5f15
lanmapd,pppListener,setsockopt/bind,__fd,#4b5f15
routed,ated,socket/bind,;,#a8316b
ated,routed,socket/bind,);,#a8316b
smbd,resetd,write/read,iVar1,#38e1e5
mldproxy,iwevent,socket/getsockname,;,#c0a168
wscd,noip2,setsockopt/connect,__fd,#5129ba
noip2,wscd,write/fopen,param_1,#5129ba
noip2,bulkUpgrade,write/fopen,param_1,#c81a0e
mldproxy,wscd,setsockopt/getsockname,param_1,#7ea56e
mldproxy,wscd,setsockopt/shutdown,param_1,#7ea56e
signalc,smbd,setsockopt/getsockname,iVar1,#38e2b0
6tunnel,set_factory,write/read,__fd,#fdced5
6tunnel,set_factory,write/lseek,__fd,#fdced5
set_factory,6tunnel,write/read,__fd,#fdced5
rdnssd,mini_httpd,setsockopt/listen,__fd,#f6f079
rdnssd,mini_httpd,setsockopt/bind,__fd,#f6f079
smbd,usbstorage.hotplug,fwrite/fopen,__s,#9262e9
proxy,routed,write/open,param_1,#9995a3
jcpd,ntfs-3g,write/read,__fd,#e89e8f
jcpd,wscd,setsockopt/shutdown,param_1,#006b53
jcpd,wscd,setsockopt/getsockname,param_1,#006b53
smbd,noip2,setsockopt/connect,__fd,#0bc20b
noip2,smbd,write/open64,param_1,#0bc20b
noip2,smbd,write/read,param_1,#0bc20b
pppoe-discovery,lang_merge,fputc/fopen,param_1,#cbc6ae
pppoe-discovery,lang_merge,fwrite/fopen,param_1,#cbc6ae
routed,sxstoragemanager,fwrite/open,param_1,#c6cf89
routed,sxstoragemanager,fwrite/fopen,param_1,#c6cf89
lanmapd,flash,write/lseek,__fd,#f1bf6e
lanmapd,flash,write/read,__fd,#f1bf6e
noip2,jcpd,write/fopen,param_1,#25bc4e
noip2,jcpd,write/open,param_1,#25bc4e
radvd,lanmapd,setsockopt/bind,__fd,#fcf3b2
radvd,lanmapd,setsockopt/listen,__fd,#fcf3b2
radvd,lanmapd,setsockopt/accept,__fd,#fcf3b2
noip2,igmpproxy,write/fopen,param_1,#5d0727
proxy,wscd,write/fopen,param_1,#30200f
rdnssd,wscd,setsockopt/shutdown,__fd,#100209
rdnssd,wscd,setsockopt/connect,__fd,#100209
ated,ntpclient,socket/connect,);,#eb8d2d
ated,ntpclient,socket/bind,);,#eb8d2d
mini_httpd,wscd,setsockopt/shutdown,__fd,#de279f
wscd,mini_httpd,setsockopt/listen,__fd,#de279f
wscd,mini_httpd,setsockopt/bind,__fd,#de279f
mini_httpd,wscd,setsockopt/connect,__fd,#de279f
flash,disktype,write/lseek64,__fd,#c14aae
flash,disktype,write/read,__fd,#c14aae
flash,pppListener,write/read,__fd,#fd357e
proxy,clink,write/read,param_1,#e1317e
clink,proxy,socket/accept,"error);""",#e1317e
clink,proxy,setsockopt/accept,"error);""",#e1317e
lanmapd,usbstorage.hotplug,fwrite/fread,__stream,#3e5491
noip2,mDNSResponderPosix,write/read,param_1,#4b6811
noip2,mDNSResponderPosix,write/fopen,param_1,#4b6811
noip2,mDNSResponderPosix,write/openlog,param_1,#4b6811
wakeOnLanProxy,iwevent,setsockopt/getsockname,__fd,#e4b26c
wakeOnLanProxy,iwevent,setsockopt/bind,__fd,#e4b26c
ntfs-3g,routed,writev/open,iVar1,#07063c
lanmapd,iwevent,setsockopt/getsockname,__fd,#d676e3
lanmapd,iwevent,setsockopt/bind,__fd,#d676e3
proxy,mini_httpd,write/fopen64,param_1,#a32ab6
proxy,mini_httpd,write/read,param_1,#a32ab6
radvd,wakeOnLanProxy,setsockopt/shutdown,__fd,#d4953a
clink,rt2860apd,socket/bind,);,#519377
drws,dhcp_discover,fwrite/read,param_2,#069ba1
lanmapd,dumpleases,fwrite/fread,__stream,#799635
igmpproxy,usbstorage.hotplug,fputc/fread,__stream,#8510bd
flash,set_factory,write/lseek,__fd,#f91e90
set_factory,flash,write/lseek,__fd,#f91e90
set_factory,flash,write/read,__fd,#f91e90
flash,set_factory,write/read,__fd,#f91e90
jcpd,set_factory,write/lseek,__fd,#e03222
jcpd,set_factory,write/read,__fd,#e03222
pppoe-discovery,6tunnel,fputc/fopen,param_1,#d94266
pppoe-discovery,6tunnel,fputc/read,param_1,#d94266
pppoe-discovery,6tunnel,setsockopt/connect,__fd,#d94266
pppoe-discovery,6tunnel,setsockopt/bind,__fd,#d94266
pppoe-discovery,6tunnel,setsockopt/listen,);,#d94266
pppoe-discovery,6tunnel,fwrite/read,param_1,#d94266
pppoe-discovery,6tunnel,setsockopt/bind,);,#d94266
pppoe-discovery,6tunnel,setsockopt/shutdown,__fd,#d94266
pppoe-discovery,6tunnel,fwrite/fopen,param_1,#d94266
pppoe-discovery,6tunnel,socket/listen,);,#d94266
pppoe-discovery,6tunnel,socket/bind,);,#d94266
mini_httpd,iwevent,setsockopt/getsockname,__fd,#d07be4
iwevent,mini_httpd,socket/listen,;,#d07be4
iwevent,mini_httpd,socket/bind,;,#d07be4
mini_httpd,iwevent,socket/getsockname,;,#d07be4
iwevent,mini_httpd,socket/accept,;,#d07be4
mini_httpd,iwevent,setsockopt/bind,__fd,#d07be4
proxy,6tunnel,write/read,param_1,#9e63cd
proxy,6tunnel,setsockopt/bind,uVar7,#9e63cd
proxy,6tunnel,setsockopt/listen,uVar7,#9e63cd
proxy,6tunnel,write/fopen,param_1,#9e63cd
proxy,6tunnel,setsockopt/shutdown,uVar7,#9e63cd
proxy,6tunnel,setsockopt/accept,uVar7,#9e63cd
routed,mini_httpd,fwrite/fopen64,param_1,#dd890f
routed,mini_httpd,fwrite/read,param_1,#dd890f
routed,mini_httpd,socket/accept,;,#dd890f
routed,mini_httpd,socket/listen,;,#dd890f
routed,mini_httpd,socket/bind,;,#dd890f
proxy,mDNSResponderPosix,write/read,param_1,#0c5fee
proxy,mDNSResponderPosix,write/fopen,param_1,#0c5fee
proxy,mDNSResponderPosix,write/openlog,param_1,#0c5fee
proxy,radvd,write/fopen,param_1,#8b92de
miniupnpd,proxy,setsockopt/shutdown,*param_1,#cfe651
proxy,miniupnpd,write/fopen,param_1,#cfe651
proxy,miniupnpd,write/open,param_1,#cfe651
6tunnel,usbstorage.hotplug,write/fopen,param_1,#cd6fb8
6tunnel,usbstorage.hotplug,write/open,param_1,#cd6fb8
wakeOnLanProxy,noip2,setsockopt/connect,__fd,#dea014
radvd,miniupnpd,setsockopt/bind,__fd,#8c60ca
radvd,miniupnpd,setsockopt/listen,__fd,#8c60ca
wakeOnLanProxy,6tunnel,setsockopt/shutdown,__fd,#1e4bcb
wakeOnLanProxy,6tunnel,setsockopt/connect,__fd,#1e4bcb
wakeOnLanProxy,6tunnel,setsockopt/bind,__fd,#1e4bcb
clink,6tunnel,write/fopen,param_1,#fcb463
clink,6tunnel,socket/shutdown,param_1,#fcb463
clink,6tunnel,socket/bind,);,#fcb463
clink,6tunnel,setsockopt/shutdown,param_1,#fcb463
6tunnel,clink,write/read,param_1,#fcb463
clink,6tunnel,write/read,param_1,#fcb463
clink,6tunnel,socket/listen,);,#fcb463
rt2860apd,routed,socket/bind,);,#3931e7
wakeOnLanProxy,pppoe-discovery,setsockopt/bind,__fd,#fe65d7
pppoe-discovery,wakeOnLanProxy,setsockopt/shutdown,__fd,#fe65d7
iwevent,rt2860apd,socket/bind,);,#a48616
drws,wscd,fwrite/fopen,param_2,#471785
drws,wscd,fwrite/fread,__stream,#471785
switch,rt2860apd,socket/bind,);,#47c347
set_factory,disktype,write/lseek64,__fd,#2823d0
set_factory,disktype,write/read,__fd,#2823d0
mDNSResponderPosix,ntpclient,socket/bind,);,#ab3bd7
ntpclient,mDNSResponderPosix,socket/bind,);,#ab3bd7
mDNSResponderPosix,ntpclient,socket/connect,);,#ab3bd7
rdnssd,pppoe-discovery,setsockopt/bind,__fd,#774c62
lld2d,flash,write/read,int param_1,#0fd55d
flash,lld2d,write/read,__fd,#0fd55d
rdnssd,dhcp_discover,setsockopt/bind,__fd,#3b4f53
igmpproxy,sxstoragemanager,fputc/fread,__stream,#0adaf7
wakeOnLanProxy,dhcp_discover,setsockopt/bind,__fd,#c7db59
miniupnpd,uenv,write/read,local_14,#680a6a
lanmapd,dhcp_discover,setsockopt/bind,__fd,#88ae00
lanmapd,dhcp_discover,write/read,__fd,#88ae00
drws,mDNSResponderPosix,fwrite/fopen,param_2,#cc880e
pppoe-discovery,sxstoragemanager,fputc/open,param_1,#c21de1
pppoe-discovery,sxstoragemanager,fwrite/fopen,param_1,#c21de1
pppoe-discovery,sxstoragemanager,fputc/fopen,param_1,#c21de1
pppoe-discovery,sxstoragemanager,fwrite/open,param_1,#c21de1
radvd,mini_httpd,setsockopt/bind,__fd,#8c8694
radvd,mini_httpd,setsockopt/listen,__fd,#8c8694
signalc,dumpleases,fputc/fread,__stream,#42be43
smbd,igmpproxy,setsockopt/connect,__fd,#ef7847
radvd,dhcp_discover,setsockopt/bind,__fd,#891089
smbd,set_factory,write/read,__fd,#3c6fbf
set_factory,smbd,write/read,__fd,#3c6fbf
set_factory,smbd,write/lseek64,__fd,#3c6fbf
smbd,set_factory,write/lseek,__fd,#3c6fbf
6tunnel,rt2860apd,setsockopt/bind,);,#a70b31
rt2860apd,6tunnel,socket/bind,);,#a70b31
rt2860apd,6tunnel,socket/listen,);,#a70b31
iwevent,mDNSResponderPosix,socket/bind,);,#9f57b6
routed,drws,fwrite/fopen64,param_1,#40316e
signalc,rt2860apd,fputc/fread,__stream,#946e5f
switch,mpd,socket/bind,);,#9e4055
lanmapd,miniupnpd,setsockopt/bind,__fd,#3b3629
lanmapd,miniupnpd,fwrite/fread,__stream,#3b3629
miniupnpd,lanmapd,setsockopt/listen,__fd,#3b3629
miniupnpd,lanmapd,setsockopt/accept,__fd,#3b3629
miniupnpd,lanmapd,setsockopt/bind,__fd,#3b3629
lanmapd,miniupnpd,setsockopt/listen,__fd,#3b3629
pppoe-discovery,disktype,fwrite/lseek64,param_1,#a57b80
pppoe-discovery,disktype,fwrite/open64,param_1,#a57b80
pppoe-discovery,disktype,fputc/lseek64,param_1,#a57b80
pppoe-discovery,disktype,fputc/open64,param_1,#a57b80
ult,rt2860apd,socket/bind,);,#2ba779
wakeOnLanProxy,lanmapd,setsockopt/accept,__fd,#d06c9b
lanmapd,wakeOnLanProxy,setsockopt/shutdown,__fd,#d06c9b
wakeOnLanProxy,lanmapd,setsockopt/bind,__fd,#d06c9b
wakeOnLanProxy,lanmapd,setsockopt/listen,__fd,#d06c9b
ult,mDNSResponderPosix,socket/bind,);,#ca4c69
clink,miniupnpd,write/open,param_1,#57fe70
miniupnpd,clink,setsockopt/bind,param_1,#57fe70
clink,miniupnpd,write/fopen,param_1,#57fe70
radvd,iwevent,setsockopt/getsockname,__fd,#f43cd7
radvd,iwevent,setsockopt/bind,__fd,#f43cd7
routed,igmpproxy,fwrite/fopen,param_1,#13e67e
wscd,smbd,setsockopt/bind,__fd,#f44ea8
smbd,wscd,setsockopt/connect,__fd,#f44ea8
wscd,smbd,setsockopt/connect,__fd,#f44ea8
smbd,wscd,setsockopt/shutdown,__fd,#f44ea8
smbd,wscd,setsockopt/getsockname,param_1,#f44ea8
smbd,wscd,setsockopt/shutdown,param_1,#f44ea8
pppoe-discovery,clink,fputc/read,param_1,#673d01
pppoe-discovery,clink,fwrite/read,param_1,#673d01
pppoe-discovery,routed,socket/bind,);,#819baf
pppoe-discovery,routed,setsockopt/bind,);,#819baf
pppoe-discovery,routed,fputc/open,param_1,#819baf
pppoe-discovery,routed,fwrite/open,param_1,#819baf
drws,wan_led_blink,fwrite/fopen64,param_2,#014730
radvd,noip2,setsockopt/connect,__fd,#546fc0
noip2,radvd,write/fopen,param_1,#546fc0
lanmapd,bulkUpgrade,fwrite/fread,pFVar2,#1154c7
lanmapd,6tunnel,write/read,__fd,#bea64c
lanmapd,6tunnel,setsockopt/bind,__fd,#bea64c
lanmapd,6tunnel,setsockopt/connect,__fd,#bea64c
lanmapd,6tunnel,setsockopt/shutdown,__fd,#bea64c
lanmapd,pppoe-discovery,setsockopt/bind,__fd,#b86d50
pppoe-discovery,lanmapd,setsockopt/accept,__fd,#b86d50
pppoe-discovery,lanmapd,setsockopt/bind,__fd,#b86d50
pppoe-discovery,lanmapd,setsockopt/listen,__fd,#b86d50
mpd,rt2860apd,socket/bind,);,#975e6e
rt2860apd,mpd,socket/bind,);,#975e6e
noip2,usbstorage.hotplug,fwrite/fopen,__s,#425d9f
noip2,usbstorage.hotplug,write/fopen,param_1,#425d9f
noip2,usbstorage.hotplug,write/open,param_1,#425d9f
lanmapd,lang_merge,fwrite/fread,__stream,#c0f442
6tunnel,bulkagent,setsockopt/connect,);,#fc92f9
routed,radvd,fwrite/fopen,param_1,#bd182f
proxy,smbd,write/read,*param_1,#86b1d9
smbd,proxy,write/read,*param_1,#86b1d9
proxy,smbd,write/open64,param_1,#86b1d9
proxy,smbd,write/open64,*param_1,#86b1d9
proxy,smbd,write/read,param_1,#86b1d9
radvd,ntfs-3g,write/read,iVar2,#c16270
noip2,drws,write/fopen64,param_1,#99c35f
noip2,drws,fwrite/fopen64,__s,#99c35f
ated,bulkagent,socket/connect,);,#4db8a1
lanmapd,noip2,setsockopt/connect,__fd,#bd40b7
proxy,sxstoragemanager,write/fopen,param_1,#033867
proxy,sxstoragemanager,write/open,param_1,#033867
lanmapd,smbd,write/read,__fd,#f86817
lanmapd,smbd,setsockopt/bind,__fd,#f86817
lanmapd,smbd,write/lseek64,__fd,#f86817
smbd,lanmapd,setsockopt/listen,__fd,#f86817
smbd,lanmapd,setsockopt/accept,__fd,#f86817
smbd,lanmapd,setsockopt/bind,__fd,#f86817
lanmapd,smbd,setsockopt/connect,__fd,#f86817
routed,wscd,fwrite/fopen,param_1,#3b7963
igmpproxy,rt2860apd,fputc/fread,__stream,#c2485e
drws,dumpleases,fwrite/fread,__stream,#222812
6tunnel,sxstoragemanager,write/fopen,param_1,#48f6d9
6tunnel,sxstoragemanager,write/open,param_1,#48f6d9
drws,mini_httpd,fwrite/fread,__stream,#14c7d6
clink,drws,write/fopen64,param_1,#7531da
rdnssd,mDNSResponderPosix,setsockopt/bind,__fd,#648553
flash,smbd,write/lseek64,__fd,#9cdd0d
smbd,flash,write/read,int param_1,#9cdd0d
smbd,flash,write/lseek,__fd,#9cdd0d
flash,smbd,write/read,__fd,#9cdd0d
flash,smbd,write/read,int param_1,#9cdd0d
smbd,flash,write/read,__fd,#9cdd0d
drws,lang_merge,fwrite/fread,__stream,#97e644
drws,lang_merge,fwrite/fopen,param_2,#97e644
pppoe-discovery,mini_httpd,fwrite/read,param_1,#26fae1
pppoe-discovery,mini_httpd,fputc/fopen64,param_1,#26fae1
pppoe-discovery,mini_httpd,setsockopt/bind,__fd,#26fae1
pppoe-discovery,mini_httpd,fputc/read,param_1,#26fae1
pppoe-discovery,mini_httpd,fwrite/fopen64,param_1,#26fae1
mini_httpd,pppoe-discovery,setsockopt/bind,__fd,#26fae1
pppoe-discovery,mini_httpd,setsockopt/listen,__fd,#26fae1
proxy,igmpproxy,write/fopen,param_1,#21a921
miniupnpd,iwevent,setsockopt/getsockname,__fd,#3078af
miniupnpd,iwevent,setsockopt/bind,__fd,#3078af
miniupnpd,dhcp_discover,setsockopt/bind,__fd,#a4ef18
clink,bulkagent,socket/connect,);,#8532e7
ult,ntpclient,socket/bind,);,#fbfdf4
ult,ntpclient,socket/connect,);,#fbfdf4
iwevent,ated,socket/bind,;,#fda080
6tunnel,lang_merge,write/fopen,param_1,#75d705
clink,wscd,socket/shutdown,param_1,#232f2e
clink,wscd,setsockopt/getsockname,param_1,#232f2e
clink,wscd,setsockopt/shutdown,param_1,#232f2e
clink,wscd,write/fopen,param_1,#232f2e
clink,wscd,socket/getsockname,param_1,#232f2e
rt2860apd,mDNSResponderPosix,socket/bind,);,#129798
mDNSResponderPosix,rt2860apd,socket/bind,);,#129798
pppoe-discovery,wscd,fwrite/fopen,param_1,#758178
pppoe-discovery,wscd,setsockopt/shutdown,__fd,#758178
wscd,pppoe-discovery,setsockopt/bind,__fd,#758178
pppoe-discovery,wscd,fputc/fopen,param_1,#758178
pppoe-discovery,wscd,setsockopt/connect,__fd,#758178
lanmapd,sxstoragemanager,fwrite/fread,__stream,#15a3ab
lanmapd,sxstoragemanager,fwrite/fread,pFVar2,#15a3ab
set_factory,dhcp_discover,write/read,__fd,#b89a9e
6tunnel,dhcp_discover,write/read,__fd,#be3226
routed,disktype,fwrite/open64,param_1,#bcf54a
routed,disktype,fwrite/lseek64,param_1,#bcf54a
drws,ntfs-3g,fwrite/open64,param_2,#7269aa
mDNSResponderPosix,bulkagent,socket/connect,);,#4f6d7b
wakeOnLanProxy,mDNSResponderPosix,setsockopt/bind,__fd,#0140ab
clink,lang_merge,write/fopen,param_1,#f53dfb
jcpd,flash,write/lseek,__fd,#89af8e
jcpd,flash,write/read,__fd,#89af8e
noip2,6tunnel,write/read,param_1,#0fef1f
6tunnel,noip2,write/read,param_1,#0fef1f
noip2,6tunnel,write/fopen,param_1,#0fef1f
radvd,wscd,setsockopt/shutdown,__fd,#5454e8
radvd,wscd,setsockopt/connect,__fd,#5454e8
ated,mDNSResponderPosix,socket/bind,);,#f6a64b
radvd,6tunnel,setsockopt/bind,__fd,#9e4121
radvd,6tunnel,setsockopt/shutdown,__fd,#9e4121
radvd,6tunnel,setsockopt/connect,__fd,#9e4121
6tunnel,radvd,write/fopen,param_1,#9e4121
mpd,mDNSResponderPosix,socket/bind,);,#0bb8b6
mDNSResponderPosix,mpd,socket/bind,);,#0bb8b6
pppoe-discovery,pppListener,setsockopt/bind,__fd,#39dbe8
signalc,mini_httpd,fputc/fread,__stream,#13b2c1
noip2,signalc,write/read,param_1,#93c2d3
noip2,signalc,write/openlog,param_1,#93c2d3
noip2,signalc,write/fopen,param_1,#93c2d3
noip2,signalc,write/lseek,param_1,#93c2d3
pppoe-discovery,rt2860apd,setsockopt/bind,);,#33419d
pppoe-discovery,rt2860apd,socket/bind,);,#33419d
routed,iwevent,socket/getsockname,;,#626f5e
iwevent,routed,socket/bind,);,#626f5e
wakeOnLanProxy,miniupnpd,setsockopt/bind,__fd,#4c5206
miniupnpd,wakeOnLanProxy,setsockopt/shutdown,__fd,#4c5206
wakeOnLanProxy,miniupnpd,setsockopt/listen,__fd,#4c5206
6tunnel,lld2d,write/read,__fd,#d8bb6f
pppoe-discovery,bulkagent,setsockopt/connect,);,#59f100
pppoe-discovery,bulkagent,socket/connect,);,#59f100
switch,bulkagent,socket/connect,);,#eb19eb
noip2,clink,write/read,param_1,#1a1664
clink,noip2,write/read,param_1,#1a1664
routed,6tunnel,fwrite/fopen,param_1,#ac98a4
6tunnel,routed,write/open,param_1,#ac98a4
routed,6tunnel,fwrite/read,param_1,#ac98a4
routed,6tunnel,socket/accept,;,#ac98a4
6tunnel,routed,setsockopt/bind,);,#ac98a4
routed,usbstorage.hotplug,fwrite/fopen,param_1,#82d9ea
routed,usbstorage.hotplug,fwrite/open,param_1,#82d9ea
ntfs-3g,resetd,writev/read,iVar1,#f45d51
jcpd,pppListener,write/read,__fd,#25bbf8
routed,noip2,fwrite/read,param_1,#50e5bb
noip2,routed,write/open,param_1,#50e5bb
6tunnel,bulkUpgrade,write/fopen,param_1,#678b82
sxstoragemanager,usbstorage.hotplug,mkstemp/fopen,__s,#de1db5
clink,ntpclient,socket/connect,);,#992da4
clink,ntpclient,socket/bind,);,#992da4
wscd,lanmapd,setsockopt/listen,__fd,#326964
wscd,lanmapd,setsockopt/bind,__fd,#326964
lanmapd,wscd,setsockopt/shutdown,__fd,#326964
lanmapd,wscd,fwrite/fread,__stream,#326964
lanmapd,wscd,setsockopt/connect,__fd,#326964
wscd,lanmapd,setsockopt/accept,__fd,#326964
wscd,pppListener,setsockopt/bind,__fd,#ce5d03
smbd,disktype,write/read,__fd,#47c50e
smbd,disktype,write/lseek64,__fd,#47c50e
clink,mpd,socket/bind,);,#dd2263
6tunnel,signalc,write/fopen,param_1,#40ad9e
6tunnel,signalc,write/read,param_1,#40ad9e
6tunnel,signalc,write/openlog,param_1,#40ad9e
6tunnel,signalc,write/lseek,param_1,#40ad9e
signalc,usbstorage.hotplug,fputc/fread,__stream,#21049f
miniupnpd,noip2,setsockopt/connect,__fd,#2c9572
noip2,miniupnpd,write/fopen,param_1,#2c9572
noip2,miniupnpd,write/open,param_1,#2c9572
noip2,sxstoragemanager,write/fopen,param_1,#f141be
noip2,sxstoragemanager,write/open,param_1,#f141be
noip2,sxstoragemanager,fwrite/fopen,__s,#f141be
pppoe-discovery,drws,fwrite/fopen64,param_1,#039479
pppoe-discovery,drws,fputc/fopen64,param_1,#039479
mini_httpd,smbd,setsockopt/bind,__fd,#fa5a59
smbd,mini_httpd,setsockopt/bind,__fd,#fa5a59
smbd,mini_httpd,setsockopt/listen,__fd,#fa5a59
mini_httpd,smbd,setsockopt/connect,__fd,#fa5a59
drws,rt2860apd,fwrite/fread,__stream,#aba302
miniupnpd,sxstoragemanager,fwrite/fopen,__s,#0b9c08
pppoe-discovery,mDNSResponderPosix,setsockopt/bind,);,#5e56b5
pppoe-discovery,mDNSResponderPosix,fputc/read,param_1,#5e56b5
pppoe-discovery,mDNSResponderPosix,fwrite/openlog,param_1,#5e56b5
pppoe-discovery,mDNSResponderPosix,fputc/fopen,param_1,#5e56b5
pppoe-discovery,mDNSResponderPosix,socket/bind,);,#5e56b5
pppoe-discovery,mDNSResponderPosix,fputc/openlog,param_1,#5e56b5
pppoe-discovery,mDNSResponderPosix,fwrite/read,param_1,#5e56b5
pppoe-discovery,mDNSResponderPosix,fwrite/fopen,param_1,#5e56b5
pppoe-discovery,mDNSResponderPosix,setsockopt/bind,__fd,#5e56b5
pppoe-discovery,smbd,fputc/open64,param_1,#c1f13d
pppoe-discovery,smbd,fwrite/read,param_1,#c1f13d
pppoe-discovery,smbd,fputc/read,param_1,#c1f13d
pppoe-discovery,smbd,setsockopt/bind,__fd,#c1f13d
pppoe-discovery,smbd,fwrite/open64,param_1,#c1f13d
smbd,pppoe-discovery,setsockopt/bind,__fd,#c1f13d
pppoe-discovery,smbd,setsockopt/connect,__fd,#c1f13d
routed,signalc,fwrite/fopen,param_1,#0c4eea
routed,signalc,fwrite/lseek,param_1,#0c4eea
routed,signalc,fwrite/openlog,param_1,#0c4eea
routed,signalc,fwrite/read,param_1,#0c4eea
bulkUpgrade,sxstoragemanager,fwrite/fread,pFVar2,#207cf0
bulkUpgrade,sxstoragemanager,fwrite/fopen,__s,#207cf0
pppoe-discovery,signalc,fwrite/read,param_1,#72224c
pppoe-discovery,signalc,fputc/read,param_1,#72224c
pppoe-discovery,signalc,fputc/fopen,param_1,#72224c
pppoe-discovery,signalc,fputc/openlog,param_1,#72224c
pppoe-discovery,signalc,fwrite/lseek,param_1,#72224c
pppoe-discovery,signalc,fwrite/fopen,param_1,#72224c
pppoe-discovery,signalc,fputc/lseek,param_1,#72224c
pppoe-discovery,signalc,fwrite/openlog,param_1,#72224c
lanmapd,lld2d,write/read,__fd,#f82f20
radvd,igmpproxy,setsockopt/connect,__fd,#8ff8d8
proxy,disktype,write/open64,param_1,#b44376
proxy,disktype,write/lseek64,param_1,#b44376
wakeOnLanProxy,pppListener,setsockopt/bind,__fd,#57e44e
lanmapd,igmpproxy,setsockopt/connect,__fd,#ee53ec
ult,routed,socket/bind,);,#9d83c8
igmpproxy,lang_merge,fputc/fread,__stream,#5d780f
iwevent,ntpclient,socket/connect,);,#f65396
iwevent,ntpclient,socket/bind,);,#f65396
ated,6tunnel,socket/listen,);,#cb5f57
ated,6tunnel,socket/bind,);,#cb5f57
signalc,wscd,setsockopt/bind,iVar1,#49aa6c
signalc,wscd,fputc/fread,__stream,#49aa6c
noip2,disktype,write/open64,param_1,#50559a
noip2,disktype,write/lseek64,param_1,#50559a
routed,smbd,fwrite/open64,param_1,#8a4c48
routed,smbd,fwrite/read,param_1,#8a4c48
smbd,routed,write/open,iVar1,#8a4c48
mini_httpd,ated,socket/bind,;,#e8ae9c
ult,mpd,socket/bind,);,#3d4302
mldproxy,6tunnel,setsockopt/shutdown,param_1,#35d662
mldproxy,6tunnel,socket/accept,;,#35d662
mpd,bulkagent,socket/connect,);,#3eaa02
pppoe-discovery,igmpproxy,setsockopt/connect,__fd,#d627db
pppoe-discovery,igmpproxy,fputc/fopen,param_1,#d627db
pppoe-discovery,igmpproxy,fwrite/fopen,param_1,#d627db
rt2860apd,bulkagent,socket/connect,);,#20eb56
miniupnpd,mDNSResponderPosix,setsockopt/bind,__fd,#4915f5
radvd,pppoe-discovery,setsockopt/bind,__fd,#18990d
pppoe-discovery,radvd,fwrite/fopen,param_1,#18990d
pppoe-discovery,radvd,fputc/fopen,param_1,#18990d
mini_httpd,pppListener,setsockopt/bind,__fd,#ce543e
6tunnel,drws,write/fopen64,param_1,#ee4e82
smbd,lld2d,write/read,__fd,#e7f6cf
lld2d,smbd,write/read,int param_1,#e7f6cf
lanmapd,set_factory,write/lseek,__fd,#afa362
lanmapd,set_factory,write/read,__fd,#afa362
miniupnpd,smbd,setsockopt/connect,__fd,#8159c8
smbd,miniupnpd,setsockopt/bind,__fd,#8159c8
miniupnpd,smbd,setsockopt/bind,__fd,#8159c8
smbd,miniupnpd,setsockopt/listen,__fd,#8159c8
ated,mpd,socket/bind,);,#fab610
routed,miniupnpd,fwrite/open,param_1,#142ee6
routed,miniupnpd,fwrite/fopen,param_1,#142ee6
noip2,mini_httpd,write/fopen64,param_1,#796de7
noip2,mini_httpd,write/read,param_1,#796de7
mini_httpd,noip2,setsockopt/connect,__fd,#796de7
6tunnel,jcpd,write/fopen,param_1,#6b029e
6tunnel,jcpd,write/open,param_1,#6b029e
jcpd,6tunnel,write/read,__fd,#6b029e
jcpd,6tunnel,setsockopt/shutdown,param_1,#6b029e
flash,dhcp_discover,write/read,__fd,#355682
rdnssd,iwevent,setsockopt/bind,__fd,#5c741b
rdnssd,iwevent,setsockopt/getsockname,__fd,#5c741b
pppoe-discovery,ntpclient,socket/connect,);,#32603c
pppoe-discovery,ntpclient,setsockopt/connect,);,#32603c
pppoe-discovery,ntpclient,setsockopt/bind,);,#32603c
pppoe-discovery,ntpclient,socket/bind,);,#32603c
wscd,iwevent,setsockopt/bind,__fd,#2635c0
wscd,iwevent,setsockopt/getsockname,__fd,#2635c0
drws,radvd,fwrite/openlog,param_2,#192ddd
drws,radvd,fwrite/fopen,param_2,#192ddd
miniupnpd,wscd,setsockopt/shutdown,__fd,#916650
miniupnpd,wscd,setsockopt/connect,__fd,#916650
wscd,miniupnpd,setsockopt/bind,__fd,#916650
miniupnpd,wscd,setsockopt/shutdown,*param_1,#916650
miniupnpd,wscd,setsockopt/getsockname,param_1,#916650
miniupnpd,wscd,setsockopt/shutdown,param_1,#916650
wscd,miniupnpd,setsockopt/listen,__fd,#916650
pppoe-discovery,noip2,setsockopt/connect,__fd,#7bbb0f
pppoe-discovery,noip2,fputc/read,param_1,#7bbb0f
pppoe-discovery,noip2,fwrite/read,param_1,#7bbb0f
signalc,lang_merge,fputc/fread,__stream,#25db67
mini_httpd,dhcp_discover,setsockopt/bind,__fd,#7536b8
igmpproxy,mini_httpd,fputc/fread,__stream,#d1e330
mini_httpd,igmpproxy,setsockopt/connect,__fd,#d1e330
switch,ntpclient,socket/connect,);,#667ef3
switch,ntpclient,socket/bind,);,#667ef3
ntpclient,bulkagent,socket/connect,);,#1d4b72
noip2,lang_merge,write/fopen,param_1,#10b26e
drws,miniupnpd,fwrite/fread,__stream,#8946c8
miniupnpd,drws,fwrite/fopen64,__s,#8946c8
wakeOnLanProxy,mini_httpd,setsockopt/bind,__fd,#893e7b
wakeOnLanProxy,mini_httpd,setsockopt/listen,__fd,#893e7b
mini_httpd,wakeOnLanProxy,setsockopt/shutdown,__fd,#893e7b
radvd,smbd,setsockopt/connect,__fd,#cb5a5f
radvd,smbd,setsockopt/bind,__fd,#cb5a5f
smbd,radvd,write/read,iVar2,#cb5a5f
jcpd,lld2d,write/read,__fd,#a0c7d7
6tunnel,ntpclient,setsockopt/bind,);,#48b22b
ntpclient,6tunnel,socket/bind,);,#48b22b
ntpclient,6tunnel,socket/listen,);,#48b22b
6tunnel,ntpclient,setsockopt/connect,);,#48b22b
bulkUpgrade,usbstorage.hotplug,fwrite/fopen,__s,#561d73
smbd,sxstoragemanager,fwrite/fopen,__s,#3e7eab
iwevent,mpd,socket/bind,);,#836aae
rdnssd,pppListener,setsockopt/bind,__fd,#712e23
smbd,drws,fwrite/fopen64,__s,#08c360
ntpclient,routed,socket/bind,);,#590717
set_factory,pppListener,write/read,__fd,#b5473e
wakeOnLanProxy,igmpproxy,setsockopt/connect,__fd,#a57036
wscd,mDNSResponderPosix,setsockopt/bind,__fd,#d9cd74
radvd,pppListener,setsockopt/bind,__fd,#cd42e2
clink,radvd,write/fopen,param_1,#cb4c54
rdnssd,noip2,setsockopt/connect,__fd,#078f96
clink,usbstorage.hotplug,write/open,param_1,#388628
clink,usbstorage.hotplug,write/fopen,param_1,#388628
igmpproxy,dumpleases,fputc/fread,__stream,#e93b01
proxy,lang_merge,write/fopen,param_1,#f7e1a0
igmpproxy,signalc,fputc/fread,__stream,#8a4e6a
mpd,ntpclient,socket/connect,);,#84070c
mpd,ntpclient,socket/bind,);,#84070c
ntpclient,mpd,socket/bind,);,#84070c
iwevent,bulkagent,socket/connect,);,#c2d47b
6tunnel,smbd,write/read,__fd,#9441b4
6tunnel,smbd,write/open64,param_1,#9441b4
smbd,6tunnel,setsockopt/shutdown,__fd,#9441b4
smbd,6tunnel,write/read,__fd,#9441b4
6tunnel,smbd,write/read,param_1,#9441b4
smbd,6tunnel,setsockopt/shutdown,param_1,#9441b4
6tunnel,smbd,write/lseek64,__fd,#9441b4
smbd,6tunnel,setsockopt/bind,__fd,#9441b4
smbd,6tunnel,setsockopt/connect,__fd,#9441b4
pppoe-discovery,dhcp_discover,setsockopt/bind,__fd,#96ec4d
mldproxy,ated,socket/bind,;,#2e22e1
pppoe-discovery,bulkUpgrade,fputc/fopen,param_1,#c2fa66
pppoe-discovery,bulkUpgrade,fwrite/fopen,param_1,#c2fa66
iwevent,6tunnel,socket/accept,;,#c09793
iwevent,6tunnel,socket/bind,);,#c09793
iwevent,6tunnel,socket/listen,);,#c09793
rdnssd,6tunnel,setsockopt/connect,__fd,#ba0fdb
rdnssd,6tunnel,setsockopt/bind,__fd,#ba0fdb
rdnssd,6tunnel,setsockopt/shutdown,__fd,#ba0fdb
mini_httpd,lanmapd,setsockopt/accept,__fd,#7d503e
lanmapd,mini_httpd,setsockopt/listen,__fd,#7d503e
lanmapd,mini_httpd,fwrite/fread,__stream,#7d503e
lanmapd,mini_httpd,setsockopt/bind,__fd,#7d503e
mini_httpd,lanmapd,setsockopt/bind,__fd,#7d503e
mini_httpd,lanmapd,setsockopt/listen,__fd,#7d503e
proxy,noip2,write/read,param_1,#515760
switch,mDNSResponderPosix,socket/bind,);,#a4c2f9
6tunnel,flash,write/lseek,__fd,#8939dd
6tunnel,flash,write/read,__fd,#8939dd
flash,6tunnel,write/read,__fd,#8939dd
proxy,signalc,write/read,param_1,#3e1b5b
proxy,signalc,write/openlog,param_1,#3e1b5b
proxy,signalc,write/fopen,param_1,#3e1b5b
proxy,signalc,write/lseek,param_1,#3e1b5b
signalc,miniupnpd,fputc/fread,__stream,#89eaf9
miniupnpd,signalc,setsockopt/connect,*param_1,#89eaf9
wscd,6tunnel,setsockopt/connect,__fd,#735c1a
wscd,6tunnel,setsockopt/bind,__fd,#735c1a
6tunnel,wscd,write/fopen,param_1,#735c1a
wscd,6tunnel,setsockopt/shutdown,__fd,#735c1a
6tunnel,miniupnpd,write/open,param_1,#34c7df
miniupnpd,6tunnel,setsockopt/shutdown,__fd,#34c7df
miniupnpd,6tunnel,setsockopt/shutdown,param_1,#34c7df
miniupnpd,6tunnel,setsockopt/connect,__fd,#34c7df
miniupnpd,6tunnel,setsockopt/bind,__fd,#34c7df
6tunnel,miniupnpd,write/fopen,param_1,#34c7df
6tunnel,ntfs-3g,write/read,__fd,#6f5ddd
miniupnpd,usbstorage.hotplug,fwrite/fopen,__s,#648586
mldproxy,clink,setsockopt/bind,param_1,#b80f7c
proxy,bulkUpgrade,write/fopen,param_1,#da702e
pppoe-discovery,iwevent,setsockopt/getsockname,__fd,#8c7f1c
pppoe-discovery,iwevent,setsockopt/bind,__fd,#8c7f1c
pppoe-discovery,jcpd,fputc/fopen,param_1,#f9f31f
pppoe-discovery,jcpd,fputc/open,param_1,#f9f31f
pppoe-discovery,jcpd,fwrite/fopen,param_1,#f9f31f
pppoe-discovery,jcpd,fwrite/open,param_1,#f9f31f
pppoe-discovery,usbstorage.hotplug,fputc/open,param_1,#434c3c
pppoe-discovery,usbstorage.hotplug,fputc/fopen,param_1,#434c3c
pppoe-discovery,usbstorage.hotplug,fwrite/fopen,param_1,#434c3c
pppoe-discovery,usbstorage.hotplug,fwrite/open,param_1,#434c3c
clink,signalc,write/fopen,param_1,#37252d
clink,signalc,write/openlog,param_1,#37252d
clink,signalc,write/lseek,param_1,#37252d
clink,signalc,write/read,param_1,#37252d
routed,jcpd,fwrite/fopen,param_1,#85b4b0
routed,jcpd,fwrite/open,param_1,#85b4b0
set_factory,lld2d,write/read,__fd,#78a322
lanmapd,mDNSResponderPosix,setsockopt/bind,__fd,#050d69
drws,sxstoragemanager,fwrite/fread,pFVar2,#cf7a94
sxstoragemanager,drws,mkstemp/fopen64,__s,#cf7a94
drws,sxstoragemanager,fwrite/fread,__stream,#cf7a94
routed,bulkUpgrade,fwrite/fopen,param_1,#729405
rdnssd,wakeOnLanProxy,setsockopt/shutdown,__fd,#21fb17
mini_httpd,mDNSResponderPosix,setsockopt/bind,__fd,#e4a8ee
ated,rt2860apd,socket/bind,);,#de4c9f
lanmapd,signalc,fwrite/fread,__stream,#451c52
lanmapd,ntfs-3g,write/read,__fd,#9f855f
switch,6tunnel,socket/listen,);,#f6d5a7
switch,6tunnel,socket/bind,);,#f6d5a7
miniupnpd,pppoe-discovery,setsockopt/bind,__fd,#8d9128
pppoe-discovery,miniupnpd,fwrite/fopen,param_1,#8d9128
pppoe-discovery,miniupnpd,fputc/open,param_1,#8d9128
pppoe-discovery,miniupnpd,setsockopt/bind,__fd,#8d9128
pppoe-discovery,miniupnpd,setsockopt/listen,__fd,#8d9128
pppoe-discovery,miniupnpd,fputc/fopen,param_1,#8d9128
pppoe-discovery,miniupnpd,fwrite/open,param_1,#8d9128
clink,mini_httpd,write/read,param_1,#3ccd1d
clink,mini_httpd,write/fopen64,param_1,#3ccd1d
smbd,wakeOnLanProxy,setsockopt/shutdown,__fd,#54fed0
wakeOnLanProxy,smbd,setsockopt/connect,__fd,#54fed0
wakeOnLanProxy,smbd,setsockopt/bind,__fd,#54fed0
routed,mDNSResponderPosix,fwrite/read,param_1,#a3215c
routed,mDNSResponderPosix,fwrite/openlog,param_1,#a3215c
routed,mDNSResponderPosix,fwrite/fopen,param_1,#a3215c
mDNSResponderPosix,routed,socket/bind,);,#a3215c
proxy,jcpd,write/fopen,param_1,#0da679
proxy,jcpd,write/open,param_1,#0da679
drws,usbstorage.hotplug,fwrite/fread,__stream,#3f0ffd
lanmapd,rt2860apd,fwrite/fread,__stream,#73843e
clink,mDNSResponderPosix,socket/bind,);,#327629
clink,mDNSResponderPosix,write/read,param_1,#327629
clink,mDNSResponderPosix,write/fopen,param_1,#327629
clink,mDNSResponderPosix,write/openlog,param_1,#327629
drws,signalc,fwrite/fread,__stream,#0f7519
smbd,mDNSResponderPosix,setsockopt/bind,__fd,#5ab3e1
flash,ntfs-3g,write/read,__fd,#60f478
clink,routed,socket/bind,);,#93adb3
routed,clink,fwrite/read,param_1,#93adb3
clink,routed,write/open,param_1,#93adb3
routed,lang_merge,fwrite/fopen,param_1,#b19e70
smbd,pppListener,write/read,__fd,#493d4c
smbd,pppListener,setsockopt/bind,__fd,#493d4c
wakeOnLanProxy,wscd,setsockopt/shutdown,__fd,#e14ff2
wakeOnLanProxy,wscd,setsockopt/connect,__fd,#e14ff2
wscd,wakeOnLanProxy,setsockopt/shutdown,__fd,#e14ff2
